Name,Age,Salary,Age_Normalized,Salary_Normalized,Age_Standardized,Salary_Standardized
Alice,25,50000,0.0,0.0,-1.414213562373095,-1.4142135623730951
Bob,30,60000,0.25,0.25,-0.7071067811865475,-0.7071067811865476
Charlie,35,70000,0.5,0.5,0.0,0.0
David,40,80000,0.75,0.75,0.7071067811865475,0.7071067811865476
Eve,45,90000,1.0,1.0,1.414213562373095,1.4142135623730951
